{"errors":[],"warnings":[],"namedChunkGroups":{"app":{"chunks":[6,4,1],"assets":["webpack-runtime-9fe0ddef59d58e748305.js","webpack-runtime-9fe0ddef59d58e748305.js.map","framework-995310802c8b4a765741.js","framework-995310802c8b4a765741.js.map","app-9f5b0b30e18ff1b61282.js","app-9f5b0b30e18ff1b61282.js.map"],"children":{},"childAssets":{}},"component---src-pages-404-jsx":{"chunks":[2],"assets":["component---src-pages-404-jsx-e765e266e89e10b7d339.js","component---src-pages-404-jsx-e765e266e89e10b7d339.js.map"],"children":{},"childAssets":{}},"component---src-pages-index-jsx":{"chunks":[5,0,3],"assets":["styles.ce55564356d33da29c79.css","styles-c3197c6105318d4816ab.js","styles-c3197c6105318d4816ab.js.map","2c796e83-b24508c944baed40b7d9.js","2c796e83-b24508c944baed40b7d9.js.map","component---src-pages-index-jsx-135bda41aaf6471a469a.js","component---src-pages-index-jsx-135bda41aaf6471a469a.js.map"],"children":{},"childAssets":{}}},"assetsByChunkName":{"app":["webpack-runtime-9fe0ddef59d58e748305.js","framework-995310802c8b4a765741.js","app-9f5b0b30e18ff1b61282.js"],"component---src-pages-404-jsx":["component---src-pages-404-jsx-e765e266e89e10b7d339.js"],"component---src-pages-index-jsx":["styles.ce55564356d33da29c79.css","styles-c3197c6105318d4816ab.js","2c796e83-b24508c944baed40b7d9.js","component---src-pages-index-jsx-135bda41aaf6471a469a.js"]}}